id,chipset,memory_gb,core_clock_mhz,boost_clock_mhz,length_mm,tdp,recommended_psu_watts,performance,product_fk
1,GeForce GT 1030,2,1266,1506,169,30,200,100,1690
2,GeForce GT 1030,2,1266,1506,173,30,200,100,1691
3,GeForce GT 1030,2,1278,1531,184,30,200,100,1692
4,GeForce GT 1030,2,1290,1544,145,30,200,100,1693
5,GeForce GT 1030,2,1290,1544,145,30,200,100,1694
6,GeForce GT 1030,2,1290,1544,168,30,200,100,1695
7,GeForce GT 1030,2,1227,1468,180,30,200,100,1696
8,GeForce GT 1030,2,1252,1506,150,30,200,100,1697
9,GeForce GT 1030,2,1290,1544,168,30,200,100,1698
10,GeForce GT 1030,2,1252,1506,175,30,200,100,1699
11,GeForce GT 1030,2,1265,1518,147,30,200,100,1700
12,GeForce GT 1030,2,1265,1518,159,30,200,100,1701
13,GeForce GT 1030,2,1265,1518,159,30,200,100,1702
14,GeForce GT 1030,2,1265,1518,153,30,200,100,1703
15,GeForce GT 1030,2,1265,1518,153,30,200,100,1704
16,GeForce GT 1030,2,1265,1518,147,30,200,100,1705
17,GeForce GT 1030,2,1227,1468,173,30,200,100,1706
18,GeForce GT 1030 DDR4,2,1189,1460,145,20,200,94,1707
19,GeForce GT 1030 DDR4,2,1151,1417,150,20,200,94,1708
20,GeForce GT 1030 DDR4,2,1189,1430,147,20,200,94,1709
21,GeForce GT 1030 DDR4,2,1189,1430,150,20,200,94,1710
22,GeForce GT 1030 DDR4,2,1189,1430,150,20,200,94,1711
23,GeForce GTX 1050,2,1404,1544,203,75,250,198,1712
24,GeForce GTX 1050,2,1404,1518,212,75,250,198,1713
25,GeForce GTX 1050,2,1404,1518,212,75,250,198,1714
26,GeForce GTX 1050,2,1442,1569,241,75,250,198,1715
27,GeForce GTX 1050,2,1354,1455,145,75,250,198,1716
28,GeForce GTX 1050,2,1442,1556,267,75,250,198,1717
29,GeForce GTX 1050,2,1417,1531,145,75,250,198,1718
30,GeForce GTX 1050,2,1430,1544,229,75,250,198,1719
31,GeForce GTX 1050,2,1354,1493,172,75,250,198,1720
32,GeForce GTX 1050,2,1417,1556,219,75,250,198,1721
33,GeForce GTX 1050,3,1392,1556,172,75,250,198,1722
34,GeForce GTX 1050,3,1417,1582,191,75,250,198,1723
35,GeForce GTX 1050,3,1404,1569,167,75,250,198,1724
36,GeForce GTX 1050,2,1379,1518,191,75,250,198,1725
37,GeForce GTX 1050,2,1366,1506,167,75,250,198,1726
38,GeForce GTX 1050,2,1354,1493,229,75,250,198,1727
39,GeForce GTX 1050,2,1392,1531,229,75,250,198,1728
40,GeForce GTX 1050,2,1354,1455,145,75,250,198,1729
41,GeForce GTX 1050,2,1354,1455,195,75,250,198,1730
42,GeForce GTX 1050,2,1366,1468,196,75,250,198,1731
43,GeForce GTX 1050,2,1404,1518,155,75,250,198,1732
44,GeForce GTX 1050,2,1354,1556,229,75,250,198,1733
45,GeForce GTX 1050,2,1354,1556,229,75,250,198,1734
46,GeForce GTX 1050,2,1404,1518,177,75,250,198,1735
47,GeForce GTX 1050,2,1354,1455,182,75,250,198,1736
48,GeForce GTX 1050,2,1404,1518,215,75,250,198,1737
49,GeForce GTX 1050,2,1354,1455,166,75,250,198,1738
50,GeForce GTX 1050,2,1354,1455,178,75,250,198,1739
51,GeForce GTX 1050,2,1354,1455,178,75,250,198,1740
52,GeForce GTX 1050,2,1354,1455,145,75,250,198,1741
53,GeForce GTX 1050,2,1354,1455,160,75,250,198,1742
54,GeForce GTX 1050 Ti,4,1341,1480,203,75,250,248,1743
55,GeForce GTX 1050 Ti,4,1290,1392,212,75,250,248,1744
56,GeForce GTX 1050 Ti,4,1341,1455,212,75,250,248,1745
57,GeForce GTX 1050 Ti,4,1303,1442,182,75,250,248,1746
58,GeForce GTX 1050 Ti,4,1290,1392,192,75,250,248,1747
59,GeForce GTX 1050 Ti,4,1379,1506,241,75,250,248,1748
60,GeForce GTX 1050 Ti,4,1290,1392,145,75,250,248,1749
61,GeForce GTX 1050 Ti,4,1379,1493,257,75,250,248,1750
62,GeForce GTX 1050 Ti,4,1354,1468,145,75,250,248,1751
63,GeForce GTX 1050 Ti,4,1366,1480,229,75,250,248,1752
64,GeForce GTX 1050 Ti,4,1303,1417,196,75,250,248,1753
65,GeForce GTX 1050 Ti,4,1366,1506,219,75,250,248,1754
66,GeForce GTX 1050 Ti,4,1290,1430,172,75,250,248,1755
67,GeForce GTX 1050 Ti,4,1341,1455,191,75,250,248,1756
68,GeForce GTX 1050 Ti,4,1328,1442,167,75,250,248,1757
69,GeForce GTX 1050 Ti,4,1354,1468,229,75,250,248,1758
70,GeForce GTX 1050 Ti,4,1290,1392,145,75,250,248,1759
71,GeForce GTX 1050 Ti,4,1290,1392,211,75,250,248,1760
72,GeForce GTX 1050 Ti,4,1290,1392,195,75,250,248,1761
73,GeForce GTX 1050 Ti,4,1303,1417,196,75,250,248,1762
74,GeForce GTX 1050 Ti,4,1341,1455,155,75,250,248,1763
75,GeForce GTX 1050 Ti,4,1290,1493,229,75,250,248,1764
76,GeForce GTX 1050 Ti,4,1290,1493,229,75,250,248,1765
77,GeForce GTX 1050 Ti,4,1341,1455,177,75,250,248,1766
78,GeForce GTX 1050 Ti,4,1290,1392,182,75,250,248,1767
79,GeForce GTX 1050 Ti,4,1341,1455,215,75,250,248,1768
80,GeForce GTX 1050 Ti,4,1366,1480,216,75,250,248,1769
81,GeForce GTX 1050 Ti,4,1290,1392,182,75,250,248,1770
82,GeForce GTX 1050 Ti,4,1290,1392,166,75,250,248,1771
83,GeForce GTX 1050 Ti,4,1290,1392,178,75,250,248,1772
84,GeForce GTX 1050 Ti,4,1366,1480,245,75,250,248,1773
85,GeForce GTX 1050 Ti,4,1303,1417,145,75,250,248,1774
86,GeForce GTX 1050 Ti,4,1392,1506,174,75,250,248,1775
87,GeForce GTX 1050 Ti,4,1290,1392,160,75,250,248,1776
88,GeForce GTX 1650 G5,4,1485,1755,204,75,250,310,1777
89,GeForce GTX 1650 G5,4,1485,1710,190,75,250,310,1778
90,GeForce GTX 1650 G5,4,1485,1695,242,75,250,310,1779
91,GeForce GTX 1650 G5,4,1485,1710,242,75,250,310,1780
92,GeForce GTX 1650 G5,4,1485,1860,242,75,250,310,1781
93,GeForce GTX 1650 G5,4,1485,1665,202.1,75,250,310,1782
94,GeForce GTX 1650 G5,4,1485,1860,202.1,75,250,310,1783
95,GeForce GTX 1650 G5,4,1485,1665,189.89,75,250,310,1784
96,GeForce GTX 1650 G5,4,1485,1665,189.89,75,250,310,1785
97,GeForce GTX 1650 G5,4,1485,1665,202.1,75,250,310,1786
98,GeForce GTX 1650 G5,4,1485,1875,202.1,75,250,310,1787
99,GeForce GTX 1650 G5,4,1485,1815,170,75,250,310,1788
100,GeForce GTX 1650 G5,4,1485,1725,145,75,250,310,1789
101,GeForce GTX 1650 G5,4,1485,1725,145,75,250,310,1790
102,GeForce GTX 1650 G5,4,1485,1695,196,75,250,310,1791
103,GeForce GTX 1650 G5,4,1665,1815,265,75,250,310,1792
104,GeForce GTX 1650 G5,4,1485,1665,152,75,250,310,1793
105,GeForce GTX 1650 G5,4,1665,1680,152,75,250,310,1794
106,GeForce GTX 1650 G5,4,1485,1695,166.9,75,250,310,1795
107,GeForce GTX 1650 G5,4,1485,1710,191,75,250,310,1796
108,GeForce GTX 1650 G5,4,1485,1665,160,75,250,310,1797
109,GeForce GTX 1650 G5,4,1485,1710,196,75,250,310,1798
110,GeForce GTX 1650 G5,4,1485,1695,196,75,250,310,1799
111,GeForce GTX 1650 G5,4,1485,1740,170,75,250,310,1800
112,GeForce GTX 1650 G5,4,1485,1860,245,75,250,310,1801
113,GeForce GTX 1650 G5,4,1485,1665,168,75,250,310,1802
114,GeForce GTX 1650 G5,4,1485,1695,168,75,250,310,1803
115,GeForce GTX 1650 G5,4,1485,1740,170,75,250,310,1804
116,GeForce GTX 1650 G5,4,1485,1665,170,75,250,310,1805
117,GeForce GTX 1650 G5,4,1485,1665,178,75,250,310,1806
118,GeForce GTX 1650 G5,4,1485,1725,145,75,250,310,1807
119,GeForce GTX 1650 G5,4,1485,1725,144.78,75,250,310,1808
120,GeForce GTX 1650 G5,4,1485,1665,160,75,250,310,1809
121,GeForce GTX 1650 G5,4,1485,1695,151,75,250,310,1810
122,GeForce GTX 1650 G6,4,1410,1665,178,90,250,322,1811
123,GeForce GTX 1650 G6,4,1410,1710,202.1,90,250,322,1812
124,GeForce GTX 1650 G6,4,1410,1590,166.9,90,250,322,1813
125,GeForce GTX 1650 G6,4,1410,1635,172,90,250,322,1814
126,GeForce GTX 1650 G6,4,1410,1590,172,90,250,322,1815
127,GeForce GTX 1650 G6,4,1410,1815,212,90,250,322,1816
128,GeForce GTX 1650 G6,4,1410,1620,166.9,90,250,322,1817
129,GeForce GTX 1650 G6,4,1410,1590,191,90,250,322,1818
130,GeForce GTX 1650 G6,4,1410,1650,191,90,250,322,1819
131,GeForce GTX 1650 G6,4,1410,1620,170,90,250,322,1820
132,GeForce GTX 1650 G6,4,1410,1710,245,90,250,322,1821
133,GeForce GTX 1650 G6,4,1410,1620,178,90,250,322,1822
134,GeForce GTX 1650 G6,4,1410,1590,160,90,250,322,1823
135,GeForce GTX 1650 SUPER,4,1530,1755,174,100,300,417,1824
136,GeForce GTX 1650 SUPER,4,1530,1770,173.99,100,300,417,1825
137,GeForce GTX 1650 SUPER,4,1530,1755,243,100,300,417,1826
138,GeForce GTX 1650 SUPER,4,1530,1770,243,100,300,417,1827
139,GeForce GTX 1650 SUPER,4,1530,1815,243,100,300,417,1828
140,GeForce GTX 1650 SUPER,4,1530,1755,206,100,300,417,1829
141,GeForce GTX 1650 SUPER,4,1530,1800,205.74,100,300,417,1830
142,GeForce GTX 1650 SUPER,4,1530,1755,202.1,100,300,417,1831
143,GeForce GTX 1650 SUPER,4,1530,1740,212,100,300,417,1832
144,GeForce GTX 1650 SUPER,4,1530,1740,172,100,300,417,1833
145,GeForce GTX 1650 SUPER,4,1530,1755,225,100,300,417,1834
146,GeForce GTX 1650 SUPER,4,1530,1725,188,100,300,417,1835
147,GeForce GTX 1650 SUPER,4,1530,1755,220,100,300,417,1836
148,GeForce GTX 1650 SUPER,4,1530,1740,175,100,300,417,1837
149,GeForce GTX 1650 SUPER,4,1530,1755,248,100,300,417,1838
150,GeForce GTX 1650 SUPER,4,1530,1740,180,100,300,417,1839
151,GeForce GTX 1650 SUPER,4,1530,1770,168,100,300,417,1840
152,GeForce GTX 1650 SUPER,4,1530,1725,167.894,100,300,417,1841
153,GeForce GTX 1650 SUPER,4,1530,1770,167.894,100,300,417,1842
154,GeForce GTX 1650 SUPER,4,1530,1725,158.5,100,300,417,1843
155,GeForce GTX 1660,6,1530,1815,174,120,300,463,1844
156,GeForce GTX 1660,6,1530,1830,174,120,300,463,1845
157,GeForce GTX 1660,6,1530,1815,205,120,300,463,1846
158,GeForce GTX 1660,6,1530,1785,264,120,300,463,1847
159,GeForce GTX 1660,6,1530,1845,205,120,300,463,1848
160,GeForce GTX 1660,6,1530,1785,189.89,120,300,463,1849
161,GeForce GTX 1660,6,1530,1830,202.1,120,300,463,1850
162,GeForce GTX 1660,6,1530,1785,189.89,120,300,463,1851
163,GeForce GTX 1660,6,1530,1830,189.89,120,300,463,1852
164,GeForce GTX 1660,6,1530,1785,267.97,120,300,463,1853
165,GeForce GTX 1660,6,1530,1845,267.97,120,300,463,1854
166,GeForce GTX 1660,6,1530,1785,235,120,300,463,1855
167,GeForce GTX 1660,6,1530,1830,235,120,300,463,1856
168,GeForce GTX 1660,6,1530,1785,168,120,300,463,1857
169,GeForce GTX 1660,6,1530,1830,168,120,300,463,1858
170,GeForce GTX 1660,6,1530,1815,228,120,300,463,1859
171,GeForce GTX 1660,6,1530,1845,245,120,300,463,1860
172,GeForce GTX 1660,6,1530,1845,245,120,300,463,1861
173,GeForce GTX 1660,6,1530,1785,280,120,300,463,1862
174,GeForce GTX 1660,6,1530,1860,280,120,300,463,1863
175,GeForce GTX 1660,6,1785,1800,170,120,300,463,1864
176,GeForce GTX 1660,6,1530,1785,224,120,300,463,1865
177,GeForce GTX 1660,6,1530,1815,214,120,300,463,1866
178,GeForce GTX 1660,6,1530,1785,268,120,300,463,1867
179,GeForce GTX 1660,6,1530,1845,233,120,300,463,1868
180,GeForce GTX 1660,6,1530,1815,175,120,300,463,1869
181,GeForce GTX 1660,6,1530,1845,243,120,300,463,1870
182,GeForce GTX 1660,6,1530,1860,247,120,300,463,1871
183,GeForce GTX 1660,6,1530,1830,204,120,300,463,1872
184,GeForce GTX 1660,6,1530,1785,168,120,300,463,1873
185,GeForce GTX 1660,6,1530,1785,255.016,120,300,463,1874
186,GeForce GTX 1660,6,1530,1830,167.894,120,300,463,1875
187,GeForce GTX 1660,6,1530,1785,173.4,120,300,463,1876
188,GeForce GTX 1660,6,1530,1845,209.6,120,300,463,1877
189,GeForce GTX 1660,6,1530,1785,215.9,120,300,463,1878
190,GeForce GTX 1660 SUPER,6,1530,1860,242,125,300,520,1879
191,GeForce GTX 1660 SUPER,6,1530,1860,197,125,300,520,1880
192,GeForce GTX 1660 SUPER,6,1530,1830,174,125,300,520,1881
193,GeForce GTX 1660 SUPER,6,1530,1815,243,125,300,520,1882
194,GeForce GTX 1660 SUPER,6,1530,1845,243,125,300,520,1883
195,GeForce GTX 1660 SUPER,6,1530,1875,243,125,300,520,1884
196,GeForce GTX 1660 SUPER,6,1530,1845,206,125,300,520,1885
197,GeForce GTX 1660 SUPER,6,1530,1845,264,125,300,520,1886
198,GeForce GTX 1660 SUPER,6,1530,1785,189.89,125,300,520,1887
199,GeForce GTX 1660 SUPER,6,1530,1785,202,125,300,520,1888
200,GeForce GTX 1660 SUPER,6,1530,1830,202.1,125,300,520,1889
201,GeForce GTX 1660 SUPER,6,1530,1785,235,125,300,520,1890
202,GeForce GTX 1660 SUPER,6,1530,1830,235,125,300,520,1891
203,GeForce GTX 1660 SUPER,6,1530,1785,168,125,300,520,1892
204,GeForce GTX 1660 SUPER,6,1530,1830,168,125,300,520,1893
205,GeForce GTX 1660 SUPER,6,1530,1845,245,125,300,520,1894
206,GeForce GTX 1660 SUPER,6,1530,1785,280,125,300,520,1895
207,GeForce GTX 1660 SUPER,6,1530,1860,280,125,300,520,1896
208,GeForce GTX 1660 SUPER,6,1530,1800,170,125,300,520,1897
209,GeForce GTX 1660 SUPER,6,1530,1830,225.65,125,300,520,1898
210,GeForce GTX 1660 SUPER,6,1530,1800,214,125,300,520,1899
211,GeForce GTX 1660 SUPER,6,1530,1815,179,125,300,520,1900
212,GeForce GTX 1660 SUPER,6,1530,1830,246.888,125,300,520,1901
213,GeForce GTX 1660 SUPER,6,1530,1815,203.962,125,300,520,1902
214,GeForce GTX 1660 SUPER,6,1530,1785,235,125,300,520,1903
215,GeForce GTX 1660 SUPER,6,1530,1830,235,125,300,520,1904
216,GeForce GTX 1660 SUPER,6,1530,1785,168,125,300,520,1905
217,GeForce GTX 1660 SUPER,6,1530,1830,168,125,300,520,1906
218,GeForce GTX 1660 SUPER,6,1530,1785,172.974,125,300,520,1907
219,GeForce GTX 1660 SUPER,6,1530,1785,235,125,300,520,1908
220,GeForce GTX 1660 SUPER,6,1530,1785,167.894,125,300,520,1909
221,GeForce GTX 1660 SUPER,6,1530,1845,209.6,125,300,520,1910
222,GeForce GTX 1660 SUPER,6,1530,1785,173.4,125,300,520,1911
223,GeForce GTX 1660 Ti,6,1500,1800,215,120,300,532,1912
224,GeForce GTX 1660 Ti,6,1500,1830,215,120,300,532,1913
225,GeForce GTX 1660 Ti,6,1500,1800,174,120,300,532,1914
226,GeForce GTX 1660 Ti,6,1500,1815,174,120,300,532,1915
227,GeForce GTX 1660 Ti,6,1500,1800,301,120,300,532,1916
228,GeForce GTX 1660 Ti,6,1500,1830,301,120,300,532,1917
229,GeForce GTX 1660 Ti,6,1500,1890,301,120,300,532,1918
230,GeForce GTX 1660 Ti,6,1500,1800,205,120,300,532,1919
231,GeForce GTX 1660 Ti,6,1500,1830,205,120,300,532,1920
232,GeForce GTX 1660 Ti,6,1500,1845,202.1,120,300,532,1921
233,GeForce GTX 1660 Ti,6,1500,1770,189.89,120,300,532,1922
234,GeForce GTX 1660 Ti,6,1500,1845,189.89,120,300,532,1923
235,GeForce GTX 1660 Ti,6,1500,1770,267.97,120,300,532,1924
236,GeForce GTX 1660 Ti,6,1500,1860,267.97,120,300,532,1925
237,GeForce GTX 1660 Ti,6,1500,1770,168,120,300,532,1926
238,GeForce GTX 1660 Ti,6,1500,1815,168,120,300,532,1927
239,GeForce GTX 1660 Ti,6,1500,1800,228,120,300,532,1928
240,GeForce GTX 1660 Ti,6,1500,1815,245,120,300,532,1929
241,GeForce GTX 1660 Ti,6,1500,1890,280,120,300,532,1930
242,GeForce GTX 1660 Ti,6,1500,1860,280,120,300,532,1931
243,GeForce GTX 1660 Ti,6,1500,1770,170,120,300,532,1932
244,GeForce GTX 1660 Ti,6,1500,1785,170,120,300,532,1933
245,GeForce GTX 1660 Ti,6,1500,1800,225.65,120,300,532,1934
246,GeForce GTX 1660 Ti,6,1500,1845,264.9,120,300,532,1935
247,GeForce GTX 1660 Ti,6,1500,1770,196,120,300,532,1936
248,GeForce GTX 1660 Ti,6,1500,1800,228,120,300,532,1937
249,GeForce GTX 1660 Ti,6,1500,1830,245,120,300,532,1938
250,GeForce GTX 1660 Ti,6,1500,1770,178,120,300,532,1939
251,GeForce GTX 1660 Ti,6,1500,1830,178,120,300,532,1940
252,GeForce GTX 1660 Ti,6,1500,1800,243,120,300,532,1941
253,GeForce GTX 1660 Ti,6,1500,1860,243,120,300,532,1942
254,GeForce GTX 1660 Ti,6,1500,1800,247,120,300,532,1943
255,GeForce GTX 1660 Ti,6,1500,1875,247,120,300,532,1944
256,GeForce GTX 1660 Ti,6,1500,1770,204,120,300,532,1945
257,GeForce GTX 1660 Ti,6,1500,1830,204,120,300,532,1946
258,GeForce GTX 1660 Ti,6,1500,1770,168,120,300,532,1947
259,GeForce GTX 1660 Ti,6,1500,1815,168,120,300,532,1948
260,GeForce GTX 1660 Ti,6,1500,1770,255.016,120,300,532,1949
261,GeForce GTX 1660 Ti,6,1500,1815,167.894,120,300,532,1950
262,GeForce GTX 1660 Ti,6,1500,1770,173.4,120,300,532,1951
263,GeForce RTX 2060,6,1365,1680,270,160,450,626,1952
264,GeForce RTX 2060,6,1365,1680,270,160,450,626,1953
265,GeForce RTX 2060,6,1365,1725,242,160,450,626,1954
266,GeForce RTX 2060,6,1365,1785,242,160,450,626,1955
267,GeForce RTX 2060,6,1365,1750,197,160,450,626,1956
268,GeForce RTX 2060,6,1365,1785,270,160,450,626,1957
269,GeForce RTX 2060,6,1365,1710,177,160,450,626,1958
270,GeForce RTX 2060,6,1365,1680,300,160,450,626,1959
271,GeForce RTX 2060,6,1365,1759,300,160,450,626,1960
272,GeForce RTX 2060,6,1365,1860,300,160,450,626,1961
273,GeForce RTX 2060,6,1365,1740,204,160,450,626,1962
274,GeForce RTX 2060,6,1365,1710,268,160,450,626,1963
275,GeForce RTX 2060,6,1365,1680,189.89,160,450,626,1964
276,GeForce RTX 2060,6,1365,1680,202.1,160,450,626,1965
277,GeForce RTX 2060,6,1365,1755,202.1,160,450,626,1966
278,GeForce RTX 2060,6,1365,1710,189.89,160,450,626,1967
279,GeForce RTX 2060,6,1365,1755,267.97,160,450,626,1968
280,GeForce RTX 2060,6,1365,1680,189.89,160,450,626,1969
281,GeForce RTX 2060,6,1365,1755,189.89,160,450,626,1970
282,GeForce RTX 2060,6,1365,1680,267.97,160,450,626,1971
283,GeForce RTX 2060,6,1365,1830,267.97,160,450,626,1972
284,GeForce RTX 2060,6,1365,1680,235,160,450,626,1973
285,GeForce RTX 2060,6,1365,1680,235,160,450,626,1974
286,GeForce RTX 2060,6,1365,1710,228,160,450,626,1975
287,GeForce RTX 2060,6,1365,1680,281,160,450,626,1976
288,GeForce RTX 2060,6,1365,1725,245,160,450,626,1977
289,GeForce RTX 2060,6,1365,1845,290,160,450,626,1978
290,GeForce RTX 2060,6,1365,1680,225.65,160,450,626,1979
291,GeForce RTX 2060,6,1365,1680,280,160,450,626,1980
292,GeForce RTX 2060,6,1680,1830,280.35,160,450,626,1981
293,GeForce RTX 2060,6,1365,1830,280.35,160,450,626,1982
294,GeForce RTX 2060,6,1680,1830,280.35,160,450,626,1983
295,GeForce RTX 2060,6,1365,1695,170,160,450,626,1984
296,GeForce RTX 2060,6,1365,1695,170,160,450,626,1985
297,GeForce RTX 2060,6,1365,1680,170,160,450,626,1986
298,GeForce RTX 2060,6,1365,1755,225.65,160,450,626,1987
299,GeForce RTX 2060,6,1365,1755,225.65,160,450,626,1988
300,GeForce RTX 2060,6,1365,1770,264.9,160,450,626,1989
301,GeForce RTX 2060,6,1680,1770,264.9,160,450,626,1990
302,GeForce RTX 2060,6,1365,1770,264.9,160,450,626,1991
303,GeForce RTX 2060,6,1365,1680,264.9,160,450,626,1992
304,GeForce RTX 2060,6,1365,1845,290,160,450,626,1993
305,GeForce RTX 2060,6,1365,1680,196,160,450,626,1994
306,GeForce RTX 2060,6,1365,1710,228,160,450,626,1995
307,GeForce RTX 2060,6,1365,1680,268,160,450,626,1996
308,GeForce RTX 2060,6,1365,1680,175,160,450,626,1997
309,GeForce RTX 2060,6,1365,1710,175,160,450,626,1998
310,GeForce RTX 2060,6,1365,1680,247,160,450,626,1999
311,GeForce RTX 2060,6,1365,1830,247,160,450,626,2000
312,GeForce RTX 2060,6,1365,1680,226,160,450,626,2001
313,GeForce RTX 2060,6,1365,1710,226,160,450,626,2002
314,GeForce RTX 2060,6,1365,1710,205,160,450,626,2003
315,GeForce RTX 2060,6,1365,1680,228.6,160,450,626,2004
316,GeForce RTX 2060,6,1365,1680,235,160,450,626,2005
317,GeForce RTX 2060,6,1365,1830,235,160,450,626,2006
318,GeForce RTX 2060,6,1365,1680,168,160,450,626,2007
319,GeForce RTX 2060,6,1365,1725,168,160,450,626,2008
320,GeForce RTX 2060,6,1365,1680,267,160,450,626,2009
321,GeForce RTX 2060,6,1365,1725,167.894,160,450,626,2010
322,GeForce RTX 2060,6,1365,1680,209.6,160,450,626,2011
323,GeForce RTX 2060,6,1365,1800,209.6,160,450,626,2012
324,GeForce RTX 2060 SUPER,8,1500,1680,267,175,450,704,2013
325,GeForce RTX 2060 SUPER,8,1500,1695,267,175,450,704,2014
326,GeForce RTX 2060 SUPER,8,1500,1725,267,175,450,704,2015
327,GeForce RTX 2060 SUPER,8,1470,1725,242,175,450,704,2016
328,GeForce RTX 2060 SUPER,8,1500,1710,301,175,450,704,2017
329,GeForce RTX 2060 SUPER,8,1500,1860,301,175,450,704,2018
330,GeForce RTX 2060 SUPER,8,1500,1680,268,175,450,704,2019
331,GeForce RTX 2060 SUPER,8,1470,1650,267.97,175,450,704,2020
332,GeForce RTX 2060 SUPER,8,1470,1680,269.83,175,450,704,2021
333,GeForce RTX 2060 SUPER,8,1470,1695,269.83,175,450,704,2022
334,GeForce RTX 2060 SUPER,8,1470,1695,269.83,175,450,704,2023
335,GeForce RTX 2060 SUPER,8,1470,1710,285,175,450,704,2024
336,GeForce RTX 2060 SUPER,8,1470,1680,230,175,450,704,2025
337,GeForce RTX 2060 SUPER,8,1470,1845,290,175,450,704,2026
338,GeForce RTX 2060 SUPER,8,1470,1815,280.35,175,450,704,2027
339,GeForce RTX 2060 SUPER,8,1470,1710,280.35,175,450,704,2028
340,GeForce RTX 2060 SUPER,8,1650,1815,280.35,175,450,704,2029
341,GeForce RTX 2060 SUPER,8,1650,1815,280.35,175,450,704,2030
342,GeForce RTX 2060 SUPER,8,1470,1680,265,175,450,704,2031
343,GeForce RTX 2060 SUPER,8,1470,1650,186,175,450,704,2032
344,GeForce RTX 2060 SUPER,8,1470,1695,264,175,450,704,2033
345,GeForce RTX 2060 SUPER,8,1470,1695,300,175,450,704,2034
346,GeForce RTX 2060 SUPER,8,1470,1665,220,175,450,704,2035
347,GeForce RTX 2060 SUPER,8,1470,1665,220,175,450,704,2036
348,GeForce RTX 2060 SUPER,8,1470,1680,230,175,450,704,2037
349,GeForce RTX 2060 SUPER,8,1470,1665,295,175,450,704,2038
350,GeForce RTX 2060 SUPER,8,1470,1650,174,175,450,704,2039
351,GeForce RTX 2060 SUPER,8,1470,1650,250,175,450,704,2040
352,GeForce RTX 2060 SUPER,8,1470,1680,250,175,450,704,2041
353,GeForce RTX 2060 SUPER,8,1470,1650,248,175,450,704,2042
354,GeForce RTX 2060 SUPER,8,1470,1695,248,175,450,704,2043
355,GeForce RTX 2060 SUPER,8,1470,1650,231,175,450,704,2044
356,GeForce RTX 2060 SUPER,8,1470,1665,232,175,450,704,2045
357,GeForce RTX 2060 SUPER,8,1470,1665,231,175,450,704,2046
358,GeForce RTX 2060 SUPER,8,1470,1650,228.6,175,450,704,2047
359,GeForce RTX 2060 SUPER,8,1470,1830,292,175,450,704,2048
360,GeForce RTX 2060 SUPER,8,1470,1650,280.924,175,450,704,2049
361,GeForce RTX 2060 SUPER,8,1470,1650,234.95,175,450,704,2050
362,GeForce RTX 2060 SUPER,8,1470,1680,234.95,175,450,704,2051
363,GeForce RTX 2060 SUPER,8,1470,1680,268,175,450,704,2052
364,GeForce RTX 2060 SUPER,8,1470,1710,308,175,450,704,2053
365,GeForce RTX 2060 SUPER,8,1470,1650,209.6,175,450,704,2054
366,GeForce RTX 2070,8,1410,1650,268,175,450,729,2055
367,GeForce RTX 2070,8,1410,1665,268,175,450,729,2056
368,GeForce RTX 2070,8,1410,1650,267,175,450,729,2057
369,GeForce RTX 2070,8,1410,1740,267,175,450,729,2058
370,GeForce RTX 2070,8,1410,1740,242,175,450,729,2059
371,GeForce RTX 2070,8,1410,1680,197,175,450,729,2060
372,GeForce RTX 2070,8,1410,1740,268,175,450,729,2061
373,GeForce RTX 2070,8,1410,1650,300.5,175,450,729,2062
374,GeForce RTX 2070,8,1410,1680,300.5,175,450,729,2063
375,GeForce RTX 2070,8,1410,1845,305,175,450,729,2064
376,GeForce RTX 2070,8,1410,1650,268,175,450,729,2065
377,GeForce RTX 2070,8,1410,1650,268,175,450,729,2066
378,GeForce RTX 2070,8,1410,1620,269.2,175,450,729,2067
379,GeForce RTX 2070,8,1410,1815,301.925,175,450,729,2068
380,GeForce RTX 2070,8,1410,1620,265.63,175,450,729,2069
381,GeForce RTX 2070,8,1410,1620,269.83,175,450,729,2070
382,GeForce RTX 2070,8,1410,1620,269.2,175,450,729,2071
383,GeForce RTX 2070,8,1410,1710,269.2,175,450,729,2072
384,GeForce RTX 2070,8,1410,1725,269.2,175,450,729,2073
385,GeForce RTX 2070,8,1620,1665,295,175,450,729,2074
386,GeForce RTX 2070,8,1620,1770,290,175,450,729,2075
387,GeForce RTX 2070,8,1620,1740,280.35,175,450,729,2076
388,GeForce RTX 2070,8,1620,1740,280.35,175,450,729,2077
389,GeForce RTX 2070,8,1410,1620,169.99,175,450,729,2078
390,GeForce RTX 2070,8,1620,1620,280.35,175,450,729,2079
391,GeForce RTX 2070,8,1410,1620,264.9,175,450,729,2080
392,GeForce RTX 2070,8,1620,1815,290,175,450,729,2081
393,GeForce RTX 2070,8,1410,1620,196,175,450,729,2082
394,GeForce RTX 2070,8,1410,1620,295,175,450,729,2083
395,GeForce RTX 2070,8,1410,1815,283,175,450,729,2084
396,GeForce RTX 2070,8,1410,1620,268,175,450,729,2085
397,GeForce RTX 2070,8,1410,1620,174,175,450,729,2086
398,GeForce RTX 2070,8,1410,1740,309,175,450,729,2087
399,GeForce RTX 2070,8,1410,1710,295,175,450,729,2088
400,GeForce RTX 2070,8,1410,1755,314,175,450,729,2089
401,GeForce RTX 2070,8,1410,1710,314,175,450,729,2090
402,GeForce RTX 2070,8,1410,1620,307,175,450,729,2091
403,GeForce RTX 2070,8,1410,1710,307,175,450,729,2092
404,GeForce RTX 2070,8,1410,1830,307,175,450,729,2093
405,GeForce RTX 2070,8,1410,1620,304,175,450,729,2094
406,GeForce RTX 2070,8,1410,1620,226,175,450,729,2095
407,GeForce RTX 2070,8,1410,1620,232,175,450,729,2096
408,GeForce RTX 2070,8,1410,1710,228.6,175,450,729,2097
409,GeForce RTX 2070,8,1410,1620,235,175,450,729,2098
410,GeForce RTX 2070,8,1410,1620,292,175,450,729,2099
411,GeForce RTX 2070,8,1410,1620,266.7,175,450,729,2100
412,GeForce RTX 2070,8,1410,1710,234.95,175,450,729,2101
413,GeForce RTX 2070,8,1410,1860,308,175,450,729,2102
414,GeForce RTX 2070,8,1410,1815,308,175,450,729,2103
415,GeForce RTX 2070,8,1410,1740,268,175,450,729,2104
416,GeForce RTX 2070,8,1410,1650,211,175,450,729,2105
417,GeForce RTX 2070,8,1410,1620,268,175,450,729,2106
418,GeForce RTX 2070,8,1410,1620,211,175,450,729,2107
419,GeForce RTX 2070 SUPER,8,1635,1800,267,215,550,807,2108
420,GeForce RTX 2070 SUPER,8,1635,1815,267,215,550,807,2109
421,GeForce RTX 2070 SUPER,8,1635,1845,267,215,550,807,2110
422,GeForce RTX 2070 SUPER,8,1635,1800,299.7,215,550,807,2111
423,GeForce RTX 2070 SUPER,8,1635,1830,299.7,215,550,807,2112
424,GeForce RTX 2070 SUPER,8,1635,1935,299.7,215,550,807,2113
425,GeForce RTX 2070 SUPER,8,1635,1800,268,215,550,807,2114
426,GeForce RTX 2070 SUPER,8,1605,1770,269.83,215,550,807,2115
427,GeForce RTX 2070 SUPER,8,1605,1770,301.925,215,550,807,2116
428,GeForce RTX 2070 SUPER,8,1605,1815,301.925,215,550,807,2117
429,GeForce RTX 2070 SUPER,8,1605,1815,301.925,215,550,807,2118
430,GeForce RTX 2070 SUPER,8,1605,1770,265.63,215,550,807,2119
431,GeForce RTX 2070 SUPER,8,1605,1770,269.83,215,550,807,2120
432,GeForce RTX 2070 SUPER,8,1605,1800,269.83,215,550,807,2121
433,GeForce RTX 2070 SUPER,8,1605,1800,265.63,215,550,807,2122
434,GeForce RTX 2070 SUPER,8,1605,1800,269.83,215,550,807,2123
435,GeForce RTX 2070 SUPER,8,1605,1800,269.83,215,550,807,2124
436,GeForce RTX 2070 SUPER,8,1605,1815,292,215,550,807,2125
437,GeForce RTX 2070 SUPER,8,1605,1815,295,215,550,807,2126
438,GeForce RTX 2070 SUPER,8,1605,1905,290,215,550,807,2127
439,GeForce RTX 2070 SUPER,8,1605,1815,286.5,215,550,807,2128
440,GeForce RTX 2070 SUPER,8,1605,1815,286.5,215,550,807,2129
441,GeForce RTX 2070 SUPER,8,1605,1815,286.5,215,550,807,2130
442,GeForce RTX 2070 SUPER,8,1605,1770,280.35,215,550,807,2131
443,GeForce RTX 2070 SUPER,8,1605,1785,280.35,215,550,807,2132
444,GeForce RTX 2070 SUPER,8,1605,1785,280.35,215,550,807,2133
445,GeForce RTX 2070 SUPER,8,1605,1815,300,215,550,807,2134
446,GeForce RTX 2070 SUPER,8,1605,1815,272,215,550,807,2135
447,GeForce RTX 2070 SUPER,8,1605,1815,272,215,550,807,2136
448,GeForce RTX 2070 SUPER,8,1605,1845,302,215,550,807,2137
449,GeForce RTX 2070 SUPER,8,1605,1815,300,215,550,807,2138
450,GeForce RTX 2070 SUPER,8,1605,1770,268,215,550,807,2139
451,GeForce RTX 2070 SUPER,8,1605,1785,268,215,550,807,2140
452,GeForce RTX 2070 SUPER,8,1605,1830,295,215,550,807,2141
453,GeForce RTX 2070 SUPER,8,1605,1830,328,215,550,807,2142
454,GeForce RTX 2070 SUPER,8,1605,1785,297,215,550,807,2143
455,GeForce RTX 2070 SUPER,8,1605,1770,328,215,550,807,2144
456,GeForce RTX 2070 SUPER,8,1605,1800,297,215,550,807,2145
457,GeForce RTX 2070 SUPER,8,1605,1800,328,215,550,807,2146
458,GeForce RTX 2070 SUPER,8,1605,1815,328,215,550,807,2147
459,GeForce RTX 2070 SUPER,8,1605,1770,257,215,550,807,2148
460,GeForce RTX 2070 SUPER,8,1605,1785,258,215,550,807,2149
461,GeForce RTX 2070 SUPER,8,1605,1785,257,215,550,807,2150
462,GeForce RTX 2070 SUPER,8,1605,1770,266.74,215,550,807,2151
463,GeForce RTX 2070 SUPER,8,1605,1770,292,215,550,807,2152
464,GeForce RTX 2070 SUPER,8,1605,1830,292,215,550,807,2153
465,GeForce RTX 2070 SUPER,8,1605,1830,288,215,550,807,2154
466,GeForce RTX 2070 SUPER,8,1605,1815,292,215,550,807,2155
467,GeForce RTX 2070 SUPER,8,1605,1770,280.924,215,550,807,2156
468,GeForce RTX 2070 SUPER,8,1605,1770,313.944,215,550,807,2157
469,GeForce RTX 2070 SUPER,8,1605,1830,308,215,550,807,2158
470,GeForce RTX 2070 SUPER,8,1605,1800,268,215,550,807,2159
471,GeForce RTX 2070 SUPER,8,1605,1770,268,215,550,807,2160
472,GeForce RTX 2070 SUPER,8,1605,1770,209.6,215,550,807,2161
473,GeForce RTX 2080,8,1515,1770,268,215,550,858,2162
474,GeForce RTX 2080,8,1515,1770,268,215,550,858,2163
475,GeForce RTX 2080,8,1515,1740,267,215,550,858,2164
476,GeForce RTX 2080,8,1515,1830,267,215,550,858,2165
477,GeForce RTX 2080,8,1515,1830,299.7,215,550,858,2166
478,GeForce RTX 2080,8,1515,1830,299.7,215,550,858,2167
479,GeForce RTX 2080,8,1515,1890,297.7,215,550,858,2168
480,GeForce RTX 2080,8,1515,1890,268,215,550,858,2169
481,GeForce RTX 2080,8,1515,1740,268,215,550,858,2170
482,GeForce RTX 2080,8,1515,1710,269.2,215,550,858,2171
483,GeForce RTX 2080,8,1515,1710,301.925,215,550,858,2172
484,GeForce RTX 2080,8,1515,1860,301.925,215,550,858,2173
485,GeForce RTX 2080,8,1515,1860,290.83,215,550,858,2174
486,GeForce RTX 2080,8,1515,1710,265.63,215,550,858,2175
487,GeForce RTX 2080,8,1515,1740,269.83,215,550,858,2176
488,GeForce RTX 2080,8,1515,1740,270,215,550,858,2177
489,GeForce RTX 2080,8,1515,1800,265.63,215,550,858,2178
490,GeForce RTX 2080,8,1515,1815,270,215,550,858,2179
491,GeForce RTX 2080,8,1515,1815,269.83,215,550,858,2180
492,GeForce RTX 2080,8,1515,1815,292,215,550,858,2181
493,GeForce RTX 2080,8,1515,1710,292,215,550,858,2182
494,GeForce RTX 2080,8,1515,1815,292,215,550,858,2183
495,GeForce RTX 2080,8,1515,1710,292,215,550,858,2184
496,GeForce RTX 2080,8,1515,1785,268,215,550,858,2185
497,GeForce RTX 2080,8,1710,1890,290,215,550,858,2186
498,GeForce RTX 2080,8,1515,1890,290,215,550,858,2187
499,GeForce RTX 2080,8,1710,1890,290,215,550,858,2188
500,GeForce RTX 2080,8,1515,1890,285.5,215,550,858,2189
501,GeForce RTX 2080,8,1710,1830,286.5,215,550,858,2190
502,GeForce RTX 2080,8,1710,1830,272,215,550,858,2191
503,GeForce RTX 2080,8,1710,1785,272,215,550,858,2192
504,GeForce RTX 2080,8,1710,1785,280.35,215,550,858,2193
505,GeForce RTX 2080,8,1515,1785,281,215,550,858,2194
506,GeForce RTX 2080,8,1515,1785,272,215,550,858,2195
507,GeForce RTX 2080,8,1515,1785,268,215,550,858,2196
508,GeForce RTX 2080,8,1515,1785,268,215,550,858,2197
509,GeForce RTX 2080,8,1515,1785,288,215,550,858,2198
510,GeForce RTX 2080,8,1350,1710,268,215,550,858,2199
511,GeForce RTX 2080,8,1515,1845,314,215,550,858,2200
512,GeForce RTX 2080,8,1515,1800,327,215,550,858,2201
513,GeForce RTX 2080,8,1515,1860,327,215,550,858,2202
514,GeForce RTX 2080,8,1515,1860,268,215,550,858,2203
515,GeForce RTX 2080,8,1515,1710,268,215,550,858,2204
516,GeForce RTX 2080,8,1710,1710,255,215,550,858,2205
517,GeForce RTX 2080,8,1515,1800,268,215,550,858,2206
518,GeForce RTX 2080,8,1515,1800,267,215,550,858,2207
519,GeForce RTX 2080,8,1515,1710,292,215,550,858,2208
520,GeForce RTX 2080,8,1515,1815,292,215,550,858,2209
521,GeForce RTX 2080,8,1515,1860,292,215,550,858,2210
522,GeForce RTX 2080,8,1515,1710,266.7,215,550,858,2211
523,GeForce RTX 2080,8,1515,1815,292.1,215,550,858,2212
524,GeForce RTX 2080,8,1515,1905,324,215,550,858,2213
525,GeForce RTX 2080,8,1515,1860,324,215,550,858,2214
526,GeForce RTX 2080,8,1350,1830,298,215,550,858,2215
527,GeForce RTX 2080,8,1515,1710,268,215,550,858,2216
528,GeForce RTX 2080,8,1515,1710,308,215,550,858,2217
529,GeForce RTX 2080,8,1515,1710,268,215,550,858,2218
530,GeForce RTX 2080 SUPER,8,1650,1845,267,250,600,910,2219
531,GeForce RTX 2080 SUPER,8,1650,1860,267,250,600,910,2220
532,GeForce RTX 2080 SUPER,8,1650,1845,299.7,250,600,910,2221
533,GeForce RTX 2080 SUPER,8,1650,1860,299.7,250,600,910,2222
534,GeForce RTX 2080 SUPER,8,1650,1890,305,250,600,910,2223
535,GeForce RTX 2080 SUPER,8,1650,1845,268,250,600,910,2224
536,GeForce RTX 2080 SUPER,8,1650,1815,269.83,250,600,910,2225
537,GeForce RTX 2080 SUPER,8,1650,1815,301.925,250,600,910,2226
538,GeForce RTX 2080 SUPER,8,1650,1845,290.83,250,600,910,2227
539,GeForce RTX 2080 SUPER,8,1650,1845,301.925,250,600,910,2228
540,GeForce RTX 2080 SUPER,8,1650,1815,269.83,250,600,910,2229
541,GeForce RTX 2080 SUPER,8,1650,1815,269.83,250,600,910,2230
542,GeForce RTX 2080 SUPER,8,1650,1830,269.83,250,600,910,2231
543,GeForce RTX 2080 SUPER,8,1650,1830,265.63,250,600,910,2232
544,GeForce RTX 2080 SUPER,8,1650,1845,269.83,250,600,910,2233
545,GeForce RTX 2080 SUPER,8,1650,1860,292,250,600,910,2234
546,GeForce RTX 2080 SUPER,8,1650,1860,285,250,600,910,2235
547,GeForce RTX 2080 SUPER,8,1650,1860,290,250,600,910,2236
548,GeForce RTX 2080 SUPER,8,1650,1860,290,250,600,910,2237
549,GeForce RTX 2080 SUPER,8,1650,1845,286.5,250,600,910,2238
550,GeForce RTX 2080 SUPER,8,1650,1815,272,250,600,910,2239
551,GeForce RTX 2080 SUPER,8,1650,1830,286.512,250,600,910,2240
552,GeForce RTX 2080 SUPER,8,1650,1845,300,250,600,910,2241
553,GeForce RTX 2080 SUPER,8,1650,1845,272,250,600,910,2242
554,GeForce RTX 2080 SUPER,8,1650,1845,272,250,600,910,2243
555,GeForce RTX 2080 SUPER,8,1650,1845,302,250,600,910,2244
556,GeForce RTX 2080 SUPER,8,1650,1845,300,250,600,910,2245
557,GeForce RTX 2080 SUPER,8,1650,1815,268,250,600,910,2246
558,GeForce RTX 2080 SUPER,8,1650,1830,268,250,600,910,2247
559,GeForce RTX 2080 SUPER,8,1650,1860,285,250,600,910,2248
560,GeForce RTX 2080 SUPER,8,1650,1860,314,250,600,910,2249
561,GeForce RTX 2080 SUPER,8,1650,1815,265,250,600,910,2250
562,GeForce RTX 2080 SUPER,8,1650,1815,328,250,600,910,2251
563,GeForce RTX 2080 SUPER,8,1650,1845,328,250,600,910,2252
564,GeForce RTX 2080 SUPER,8,1650,1845,268,250,600,910,2253
565,GeForce RTX 2080 SUPER,8,1650,1815,268,250,600,910,2254
566,GeForce RTX 2080 SUPER,8,1650,1830,268,250,600,910,2255
567,GeForce RTX 2080 SUPER,8,1650,1830,257,250,600,910,2256
568,GeForce RTX 2080 SUPER,8,1650,1815,266.74,250,600,910,2257
569,GeForce RTX 2080 SUPER,8,1650,1815,292,250,600,910,2258
570,GeForce RTX 2080 SUPER,8,1650,1845,288,250,600,910,2259
571,GeForce RTX 2080 SUPER,8,1650,1860,292,250,600,910,2260
572,GeForce RTX 2080 SUPER,8,1650,1830,292,250,600,910,2261
573,GeForce RTX 2080 SUPER,8,1650,1815,281,250,600,910,2262
574,GeForce RTX 2080 SUPER,8,1650,1860,314,250,600,910,2263
575,GeForce RTX 2080 SUPER,8,1650,1875,324,250,600,910,2264
576,GeForce RTX 2080 SUPER,8,1650,1815,308,250,600,910,2265
577,GeForce RTX 2080 SUPER,8,1650,1845,298,250,600,910,2266
578,GeForce RTX 2080 Ti,11,1350,1560,268,250,600,1004,2267
579,GeForce RTX 2080 Ti,11,1350,1560,268,250,600,1004,2268
580,GeForce RTX 2080 Ti,11,1350,1560,268,250,600,1004,2269
581,GeForce RTX 2080 Ti,11,1350,1815,310,250,600,1004,2270
582,GeForce RTX 2080 Ti,11,1350,1665,304.7,250,600,1004,2271
583,GeForce RTX 2080 Ti,11,1350,1560,304.7,250,600,1004,2272
584,GeForce RTX 2080 Ti,11,1350,1560,304.7,250,600,1004,2273
585,GeForce RTX 2080 Ti,11,1350,1665,304.7,250,600,1004,2274
586,GeForce RTX 2080 Ti,11,1350,1665,269,250,600,1004,2275
587,GeForce RTX 2080 Ti,11,1350,1545,270,250,600,1004,2276
588,GeForce RTX 2080 Ti,11,1350,1545,301.92,250,600,1004,2277
589,GeForce RTX 2080 Ti,11,1350,1755,301.925,250,600,1004,2278
590,GeForce RTX 2080 Ti,11,1350,1755,290.83,250,600,1004,2279
591,GeForce RTX 2080 Ti,11,1350,1545,265.63,250,600,1004,2280
592,GeForce RTX 2080 Ti,11,1350,1770,290.83,250,600,1004,2281
593,GeForce RTX 2080 Ti,11,1350,1635,270,250,600,1004,2282
594,GeForce RTX 2080 Ti,11,1350,1635,269.2,250,600,1004,2283
595,GeForce RTX 2080 Ti,11,1350,1650,270,250,600,1004,2284
596,GeForce RTX 2080 Ti,11,1350,1650,269.83,250,600,1004,2285
597,GeForce RTX 2080 Ti,11,1350,1545,292,250,600,1004,2286
598,GeForce RTX 2080 Ti,11,1350,1650,292,250,600,1004,2287
599,GeForce RTX 2080 Ti,11,1350,1635,330,250,600,1004,2288
600,GeForce RTX 2080 Ti,11,1350,1740,320,250,600,1004,2289
601,GeForce RTX 2080 Ti,11,1545,1695,290,250,600,1004,2290
602,GeForce RTX 2080 Ti,11,1350,1770,290,250,600,1004,2291
603,GeForce RTX 2080 Ti,11,1545,1770,290,250,600,1004,2292
604,GeForce RTX 2080 Ti,11,1350,1770,286.5,250,600,1004,2293
605,GeForce RTX 2080 Ti,11,1350,1545,272,250,600,1004,2294
606,GeForce RTX 2080 Ti,11,1545,1545,280.35,250,600,1004,2295
607,GeForce RTX 2080 Ti,11,1350,1545,281,250,600,1004,2296
608,GeForce RTX 2080 Ti,11,1350,1545,272,250,600,1004,2297
609,GeForce RTX 2080 Ti,11,1350,1695,268,250,600,1004,2298
610,GeForce RTX 2080 Ti,11,1350,1695,268,250,600,1004,2299
611,GeForce RTX 2080 Ti,11,1350,1545,268,250,600,1004,2300
612,GeForce RTX 2080 Ti,11,1350,1665,314,250,600,1004,2301
613,GeForce RTX 2080 Ti,11,1350,1635,327,250,600,1004,2302
614,GeForce RTX 2080 Ti,11,1350,1755,327,250,600,1004,2303
615,GeForce RTX 2080 Ti,11,1350,1575,328,250,600,1004,2304
616,GeForce RTX 2080 Ti,11,1350,1770,328,250,600,1004,2305
617,GeForce RTX 2080 Ti,11,1350,1755,268,250,600,1004,2306
618,GeForce RTX 2080 Ti,11,1350,1545,268,250,600,1004,2307
619,GeForce RTX 2080 Ti,11,1350,1545,268,250,600,1004,2308
620,GeForce RTX 2080 Ti,11,1350,1635,268,250,600,1004,2309
621,GeForce RTX 2080 Ti,11,1350,1635,268,250,600,1004,2310
622,GeForce RTX 2080 Ti,11,1350,1575,268,250,600,1004,2311
623,GeForce RTX 2080 Ti,11,1350,1635,267,250,600,1004,2312
624,GeForce RTX 2080 Ti,11,1350,1545,292,250,600,1004,2313
625,GeForce RTX 2080 Ti,11,1350,1575,292,250,600,1004,2314
626,GeForce RTX 2080 Ti,11,1350,1650,292,250,600,1004,2315
627,GeForce RTX 2080 Ti,11,1350,1545,269,250,600,1004,2316
628,GeForce RTX 2080 Ti,11,1350,1545,267,250,600,1004,2317
629,GeForce RTX 2080 Ti,11,1350,1635,301.752,250,600,1004,2318
630,GeForce RTX 2080 Ti,11,1545,1815,324,250,600,1004,2319
631,GeForce RTX 2080 Ti,11,1350,1665,298,250,600,1004,2320
632,GeForce RTX 2080 Ti,11,1350,1545,268,250,600,1004,2321
633,GeForce RTX 2080 Ti,11,1350,1665,308,250,600,1004,2322
634,GeForce RTX 2080 Ti,11,1350,1545,308,250,600,1004,2323
635,GeForce RTX 2080 Ti,11,1350,1545,268,250,600,1004,2324
636,GeForce RTX 3060,12,1320,1545,200,170,450,744,2325
637,GeForce RTX 3060,12,1320,1545,200,170,450,744,2326
638,GeForce RTX 3060,12,1320,1545,300,170,450,744,2327
639,GeForce RTX 3060,12,1320,1545,300,170,450,744,2328
640,GeForce RTX 3060,12,1320,1545,301,170,450,744,2329
641,GeForce RTX 3060,12,1320,1777,201.8,170,450,744,2330
642,GeForce RTX 3060,12,1320,1882,201.8,170,450,744,2331
643,GeForce RTX 3060,12,1320,1777,245,170,450,744,2332
644,GeForce RTX 3060,12,1320,1792,256,170,450,744,2333
645,GeForce RTX 3060,12,1320,1822,299,170,450,744,2334
646,GeForce RTX 3060,12,1320,1867,296,170,450,744,2335
647,GeForce RTX 3060,12,1320,1777,242,170,450,744,2336
648,GeForce RTX 3060,12,1320,1807,242,170,450,744,2337
649,GeForce RTX 3060,12,1320,1837,282,170,450,744,2338
650,GeForce RTX 3060,12,1320,1837,280,170,450,744,2339
651,GeForce RTX 3060,12,1320,1792,258,170,450,744,2340
652,GeForce RTX 3060,12,1320,1822,299,170,450,744,2341
653,GeForce RTX 3060,12,1320,1837,276,170,450,744,2342
654,GeForce RTX 3060,12,1320,1777,235,170,450,744,2343
655,GeForce RTX 3060,12,1320,1807,235,170,450,744,2344
656,GeForce RTX 3060,12,1320,1807,245,170,450,744,2345
657,GeForce RTX 3060,12,1320,1807,245,170,450,744,2346
658,GeForce RTX 3060,12,1320,1808,170,170,450,744,2347
659,GeForce RTX 3060,12,1320,1809,170,170,450,744,2348
660,GeForce RTX 3060,12,1320,1810,258.826,170,450,744,2349
661,GeForce RTX 3060,12,1320,1811,169.926,170,450,744,2350
662,GeForce RTX 3060,12,1320,1812,246.888,170,450,744,2351
663,GeForce RTX 3060,12,1320,1867,231.9,170,450,744,2352
664,GeForce RTX 3060,12,1320,1777,224.1,170,450,744,2353
665,GeForce RTX 3060,12,1320,1807,224.1,170,450,744,2354
666,GeForce RTX 3060 Ti,8,1410,1695,269,200,550,923,2355
667,GeForce RTX 3060 Ti,8,1410,1710,200,200,550,923,2356
668,GeForce RTX 3060 Ti,8,1410,1740,269,200,550,923,2357
669,GeForce RTX 3060 Ti,8,1410,1785,275,200,550,923,2358
670,GeForce RTX 3060 Ti,8,1410,1890,318.5,200,550,923,2359
671,GeForce RTX 3060 Ti,8,1410,1695,301,200,550,923,2360
672,GeForce RTX 3060 Ti,8,1410,1785,301,200,550,923,2361
673,GeForce RTX 3060 Ti,8,1410,1710,285.37,200,550,923,2362
674,GeForce RTX 3060 Ti,8,1410,1800,285.37,200,550,923,2363
675,GeForce RTX 3060 Ti,8,1410,1710,201.8,200,550,923,2364
676,GeForce RTX 3060 Ti,8,1410,1680,256.5,200,550,923,2365
677,GeForce RTX 3060 Ti,8,1410,1710,299,200,550,923,2366
678,GeForce RTX 3060 Ti,8,1410,1710,299,200,550,923,2367
679,GeForce RTX 3060 Ti,8,1410,1800,290,200,550,923,2368
680,GeForce RTX 3060 Ti,8,1410,1665,242,200,550,923,2369
681,GeForce RTX 3060 Ti,8,1410,1695,242,200,550,923,2370
682,GeForce RTX 3060 Ti,8,1410,1740,282,200,550,923,2371
683,GeForce RTX 3060 Ti,8,1410,1770,286,200,550,923,2372
684,GeForce RTX 3060 Ti,8,1665,1755,281,200,550,923,2373
685,GeForce RTX 3060 Ti,8,1410,1725,300,200,550,923,2374
686,GeForce RTX 3060 Ti,8,1410,1665,240,200,550,923,2375
687,GeForce RTX 3060 Ti,8,1410,1680,240,200,550,923,2376
688,GeForce RTX 3060 Ti,8,1410,1680,256.5,200,550,923,2377
689,GeForce RTX 3060 Ti,8,1410,1710,299,200,550,923,2378
690,GeForce RTX 3060 Ti,8,1410,1710,299,200,550,923,2379
691,GeForce RTX 3060 Ti,8,1410,1755,323,200,550,923,2380
692,GeForce RTX 3060 Ti,8,1410,1830,323,200,550,923,2381
693,GeForce RTX 3060 Ti,8,1410,1665,230,200,550,923,2382
694,GeForce RTX 3060 Ti,8,1410,1695,230,200,550,923,2383
695,GeForce RTX 3060 Ti,8,1410,1665,232,200,550,923,2384
696,GeForce RTX 3060 Ti,8,1410,1695,232,200,550,923,2385
697,GeForce RTX 3060 Ti,8,1410,1665,316,200,550,923,2386
698,GeForce RTX 3060 Ti,8,1410,1695,316,200,550,923,2387
699,GeForce RTX 3060 Ti,8,1410,1670,242,200,550,923,2388
700,GeForce RTX 3060 Ti,8,1410,1665,247,200,550,923,2389
701,GeForce RTX 3060 Ti,8,1410,1695,247,200,550,923,2390
702,GeForce RTX 3060 Ti,8,1410,1665,294,200,550,923,2391
703,GeForce RTX 3060 Ti,8,1410,1800,294,200,550,923,2392
704,GeForce RTX 3060 Ti,8,1410,1665,250.952,200,550,923,2393
705,GeForce RTX 3060 Ti,8,1410,1665,246.888,200,550,923,2394
706,GeForce RTX 3060 Ti,8,1410,1665,222.1,200,550,923,2395
707,GeForce RTX 3060 Ti,8,1410,1695,222.1,200,550,923,2396
708,GeForce RTX 3070,8,1500,1755,267,220,550,1014,2397
709,GeForce RTX 3070,8,1500,1755,267,220,550,1014,2398
710,GeForce RTX 3070,8,1500,1845,275,220,550,1014,2399
711,GeForce RTX 3070,8,1500,1905,318.5,220,550,1014,2400
712,GeForce RTX 3070,8,1500,1755,318.5,220,550,1014,2401
713,GeForce RTX 3070,8,1500,1755,299.9,220,550,1014,2402
714,GeForce RTX 3070,8,1500,1815,315.5,220,550,1014,2403
715,GeForce RTX 3070,8,1500,1770,299.974,220,550,1014,2404
716,GeForce RTX 3070,8,1500,1815,299.974,220,550,1014,2405
717,GeForce RTX 3070,8,1500,1725,285.242,220,550,1014,2406
718,GeForce RTX 3070,8,1500,1725,285.242,220,550,1014,2407
719,GeForce RTX 3070,8,1500,1770,285.242,220,550,1014,2408
720,GeForce RTX 3070,8,1500,1785,299,220,550,1014,2409
721,GeForce RTX 3070,8,1500,1785,330,220,550,1014,2410
722,GeForce RTX 3070,8,1500,1785,330,220,550,1014,2411
723,GeForce RTX 3070,8,1500,1785,299,220,550,1014,2412
724,GeForce RTX 3070,8,1500,1725,329,220,550,1014,2413
725,GeForce RTX 3070,8,1500,1845,290,220,550,1014,2414
726,GeForce RTX 3070,8,1500,1725,282,220,550,1014,2415
727,GeForce RTX 3070,8,1500,1770,282,220,550,1014,2416
728,GeForce RTX 3070,8,1500,1815,286,220,550,1014,2417
729,GeForce RTX 3070,8,1500,1815,286,220,550,1014,2418
730,GeForce RTX 3070,8,1500,1785,300,220,550,1014,2419
731,GeForce RTX 3070,8,1500,1785,300,220,550,1014,2420
732,GeForce RTX 3070,8,1500,1785,299,220,550,1014,2421
733,GeForce RTX 3070,8,1500,1785,330,220,550,1014,2422
734,GeForce RTX 3070,8,1500,1740,329,220,550,1014,2423
735,GeForce RTX 3070,8,1500,1830,323,220,550,1014,2424
736,GeForce RTX 3070,8,1500,1845,335,220,550,1014,2425
737,GeForce RTX 3070,8,1500,1920,335,220,550,1014,2426
738,GeForce RTX 3070,8,1500,1725,232,220,550,1014,2427
739,GeForce RTX 3070,8,1500,1755,232,220,550,1014,2428
740,GeForce RTX 3070,8,1500,1725,305,220,550,1014,2429
741,GeForce RTX 3070,8,1500,1755,305,220,550,1014,2430
742,GeForce RTX 3070,8,1500,1730,242,220,550,1014,2431
743,GeForce RTX 3070,8,1500,1725,304,220,550,1014,2432
744,GeForce RTX 3070,8,1500,1725,304,220,550,1014,2433
745,GeForce RTX 3070,8,1500,1725,294,220,550,1014,2434
746,GeForce RTX 3070,8,1500,1770,294,220,550,1014,2435
747,GeForce RTX 3070,8,1500,1725,294,220,550,1014,2436
748,GeForce RTX 3070,8,1500,1815,294,220,550,1014,2437
749,GeForce RTX 3070,8,1500,1725,264.922,220,550,1014,2438
750,GeForce RTX 3070,8,1500,1725,293.878,220,550,1014,2439
751,GeForce RTX 3070,8,1500,1785,291.2,220,550,1014,2440
752,GeForce RTX 3070,8,1500,1725,231.9,220,550,1014,2441
753,GeForce RTX 3070,8,1500,1755,231.9,220,550,1014,2442
754,GeForce RTX 3080,10,1440,1935,318.5,320,700,1315,2443
755,GeForce RTX 3080,10,1440,1740,318.5,320,700,1315,2444
756,GeForce RTX 3080,10,1440,1935,318.5,320,700,1315,2445
757,GeForce RTX 3080,10,1440,1740,299.9,320,700,1315,2446
758,GeForce RTX 3080,10,1440,1725,299.9,320,700,1315,2447
759,GeForce RTX 3080,10,1440,1740,268,320,700,1315,2448
760,GeForce RTX 3080,10,1440,1755,300,320,700,1315,2449
761,GeForce RTX 3080,10,1440,1800,300,320,700,1315,2450
762,GeForce RTX 3080,10,1440,1800,288.9,320,700,1315,2451
763,GeForce RTX 3080,10,1440,1710,285.37,320,700,1315,2452
764,GeForce RTX 3080,10,1440,1710,285.37,320,700,1315,2453
765,GeForce RTX 3080,10,1440,1755,285.37,320,700,1315,2454
766,GeForce RTX 3080,10,1440,1800,262.8,320,700,1315,2455
767,GeForce RTX 3080,10,1440,1755,330,320,700,1315,2456
768,GeForce RTX 3080,10,1440,1725,329,320,700,1315,2457
769,GeForce RTX 3080,10,1440,1725,319,320,700,1315,2458
770,GeForce RTX 3080,10,1710,1905,319,320,700,1315,2459
771,GeForce RTX 3080,10,1440,1845,252,320,700,1315,2460
772,GeForce RTX 3080,10,1440,1755,320,320,700,1315,2461
773,GeForce RTX 3080,10,1440,1800,320,320,700,1315,2462
774,GeForce RTX 3080,10,1710,1800,267,320,700,1315,2463
775,GeForce RTX 3080,10,1440,1800,320,320,700,1315,2464
776,GeForce RTX 3080,10,1440,1770,300,320,700,1315,2465
777,GeForce RTX 3080,10,1440,1770,330,320,700,1315,2466
778,GeForce RTX 3080,10,1440,1725,329,320,700,1315,2467
779,GeForce RTX 3080,10,1440,1920,323,320,700,1315,2468
780,GeForce RTX 3080,10,1440,1920,323,320,700,1315,2469
781,GeForce RTX 3080,10,1440,1830,336,320,700,1315,2470
782,GeForce RTX 3080,10,1440,1920,336,320,700,1315,2471
783,GeForce RTX 3080,10,1440,1920,305,320,700,1315,2472
784,GeForce RTX 3080,10,1440,1920,305,320,700,1315,2473
785,GeForce RTX 3080,10,1440,1710,285,320,700,1315,2474
786,GeForce RTX 3080,10,1440,1755,304,320,700,1315,2475
787,GeForce RTX 3080,10,1440,1710,294,320,700,1315,2476
788,GeForce RTX 3080,10,1440,1740,294,320,700,1315,2477
789,GeForce RTX 3080,10,1440,1710,293.878,320,700,1315,2478
790,GeForce RTX 3080,10,1440,1770,317.8,320,700,1315,2479
791,GeForce RTX 3080,10,1440,1710,317.8,320,700,1315,2480
792,GeForce RTX 3080,10,1440,1725,317.8,320,700,1315,2481
793,GeForce RTX 3090,24,1400,1890,318.5,350,750,1458,2482
794,GeForce RTX 3090,24,1400,1725,318.5,350,750,1458,2483
795,GeForce RTX 3090,24,1400,1890,318.5,350,750,1458,2484
796,GeForce RTX 3090,24,1400,1725,299.9,350,750,1458,2485
797,GeForce RTX 3090,24,1400,1710,299.9,350,750,1458,2486
798,GeForce RTX 3090,24,1400,1725,268,350,750,1458,2487
799,GeForce RTX 3090,24,1400,1740,300,350,750,1458,2488
800,GeForce RTX 3090,24,1400,1800,300,350,750,1458,2489
801,GeForce RTX 3090,24,1400,1800,288.9,350,750,1458,2490
802,GeForce RTX 3090,24,1400,1920,288.9,350,750,1458,2491
803,GeForce RTX 3090,24,1400,1695,285,350,750,1458,2492
804,GeForce RTX 3090,24,1400,1695,285,350,750,1458,2493
805,GeForce RTX 3090,24,1400,1725,285,350,750,1458,2494
806,GeForce RTX 3090,24,1400,1725,262.8,350,750,1458,2495
807,GeForce RTX 3090,24,1400,1740,304,350,750,1458,2496
808,GeForce RTX 3090,24,1400,1845,304,350,750,1458,2497
809,GeForce RTX 3090,24,1400,1695,294,350,750,1458,2498
810,GeForce RTX 3090,24,1400,1725,294,350,750,1458,2499
811,GeForce RTX 3090,24,1400,1755,330,350,750,1458,2500
812,GeForce RTX 3090,24,1400,1695,329,350,750,1458,2501
813,GeForce RTX 3090,24,1400,1785,319,350,750,1458,2502
814,GeForce RTX 3090,24,1400,1860,319,350,750,1458,2503
815,GeForce RTX 3090,24,1400,1785,252,350,750,1458,2504
816,GeForce RTX 3090,24,1400,1755,320,350,750,1458,2505
817,GeForce RTX 3090,24,1400,1695,267,350,750,1458,2506
818,GeForce RTX 3090,24,1400,1755,320,350,750,1458,2507
819,GeForce RTX 3090,24,1400,1755,330,350,750,1458,2508
820,GeForce RTX 3090,24,1400,1710,329,350,750,1458,2509
821,GeForce RTX 3090,24,1400,1710,335,350,750,1458,2510
822,GeForce RTX 3090,24,1400,1710,335,350,750,1458,2511
823,GeForce RTX 3090,24,1400,1875,336,350,750,1458,2512
824,GeForce RTX 3090,24,1400,1710,305,350,750,1458,2513
825,GeForce RTX 3090,24,1400,1710,305,350,750,1458,2514
826,GeForce RTX 3090,24,1395,1695,313,350,750,1458,2515
827,GeForce RTX 3090,24,1400,1710,304,350,750,1458,2516
828,GeForce RTX 3090,24,1395,1695,394,350,750,1458,2517
829,GeForce RTX 3090,24,1400,1710,304,350,750,1458,2518
830,GeForce RTX 3090,24,1395,1695,293.88,350,750,1458,2519
831,GeForce RTX 3090,24,1400,1695,317.8,350,750,1458,2520
832,Radeon RX 5500 XT,4,1685,1845,241,130,300,408,2521
833,Radeon RX 5500 XT,8,1607,1845,190,130,300,408,2522
834,Radeon RX 5500 XT,8,1685,1845,240.57,130,300,408,2523
835,Radeon RX 5500 XT,8,1607,1865,242,130,300,408,2524
836,Radeon RX 5500 XT,8,1607,1865,280,130,300,408,2525
837,Radeon RX 5500 XT,8,1685,1845,281,130,300,408,2526
838,Radeon RX 5500 XT,4,1647,1845,225,130,300,408,2527
839,Radeon RX 5500 XT,8,1647,1845,247,130,300,408,2528
840,Radeon RX 5500 XT,8,1685,1845,247,130,300,408,2529
841,Radeon RX 5500 XT,8,1607,1845,215,130,300,408,2530
842,Radeon RX 5500 XT,8,1647,1845,215,130,300,408,2531
843,Radeon RX 5500 XT,4,1717,1845,180,130,300,408,2532
844,Radeon RX 5500 XT,8,1685,1845,227,130,300,408,2533
845,Radeon RX 5500 XT,8,1607,1845,257,130,300,408,2534
846,Radeon RX 5500 XT,8,1607,1845,233,130,300,408,2535
847,Radeon RX 5500 XT,4,1607,1845,177.8,130,300,408,2536
848,Radeon RX 5500 XT,8,1607,1845,177.8,130,300,408,2537
849,Radeon RX 5500 XT,8,1607,1845,281,130,300,408,2538
850,Radeon RX 5600 XT,6,1235,1620,240.5,150,450,610,2539
851,Radeon RX 5600 XT,6,1420,1750,279.93,150,450,610,2540
852,Radeon RX 5600 XT,6,1355,1620,290.6,150,450,610,2541
853,Radeon RX 5600 XT,6,1247,1770,283,150,450,610,2542
854,Radeon RX 5600 XT,6,1247,1770,303.7,150,450,610,2543
855,Radeon RX 5600 XT,6,1247,1770,282.6,150,450,610,2544
856,Radeon RX 5600 XT,6,1247,1620,279.85,150,450,610,2545
857,Radeon RX 5600 XT,6,1247,1620,228,150,450,610,2546
858,Radeon RX 5600 XT,6,1247,1620,228,150,450,610,2547
859,Radeon RX 5600 XT,6,1185,1600,297,150,450,610,2548
860,Radeon RX 5600 XT,6,1280,1620,297,150,450,610,2549
861,Radeon RX 5600 XT,6,1235,1620,297,150,450,610,2550
862,Radeon RX 5600 XT,6,1130,1560,231,150,450,610,2551
863,Radeon RX 5600 XT,6,1185,1600,231,150,450,610,2552
864,Radeon RX 5600 XT,6,1247,1620,175,150,450,610,2553
865,Radeon RX 5600 XT,6,1247,1620,230,150,450,610,2554
866,Radeon RX 5600 XT,6,1247,1750,240,150,450,610,2555
867,Radeon RX 5600 XT,6,1247,1620,240,150,450,610,2556
868,Radeon RX 5600 XT,6,1247,1750,254,150,450,610,2557
869,Radeon RX 5600 XT,6,1247,1620,230.5,150,450,610,2558
870,Radeon RX 5600 XT,6,1247,1620,280,150,450,610,2559
871,Radeon RX 5600 XT,6,1247,1750,326,150,450,610,2560
872,Radeon RX 5600 XT,6,1247,1750,326,150,450,610,2561
873,Radeon RX 570,4,1168,1244,236.2,150,450,352,2562
874,Radeon RX 570,8,1228,1331,279,150,450,352,2563
875,Radeon RX 570,8,1168,1266,240,150,450,352,2564
876,Radeon RX 570,4,1168,1310,240,150,450,352,2565
877,Radeon RX 570,4,1168,1254,240,150,450,352,2566
878,Radeon RX 570,4,1168,1310,240,150,450,352,2567
879,Radeon RX 570,8,1168,1310,240,150,450,352,2568
880,Radeon RX 570,4,1168,1295,232,150,450,352,2569
881,Radeon RX 570,4,1168,1255,232,150,450,352,2570
882,Radeon RX 570,8,1168,1255,232,150,450,352,2571
883,Radeon RX 570,4,1244,1255,232,150,450,352,2572
884,Radeon RX 570,8,1244,1281,270,150,450,352,2573
885,Radeon RX 570,4,1168,1244,246,150,450,352,2574
886,Radeon RX 570,4,1168,1268,246.126,150,450,352,2575
887,Radeon RX 570,4,1168,1268,276,150,450,352,2576
888,Radeon RX 570,4,1168,1293,276,150,450,352,2577
889,Radeon RX 570,8,1168,1256,237,150,450,352,2578
890,Radeon RX 570,8,1168,1250,255,150,450,352,2579
891,Radeon RX 570,4,1105,1244,255,150,450,352,2580
892,Radeon RX 570,4,1168,1320,310,150,450,352,2581
893,Radeon RX 570,4,1168,1250,255,150,450,352,2582
894,Radeon RX 570,4,1168,1340,260,150,450,352,2583
895,Radeon RX 570,4,1168,1284,230,150,450,352,2584
896,Radeon RX 570,8,1168,1244,170,150,450,352,2585
897,Radeon RX 570,4,1168,1284,230,150,450,352,2586
898,Radeon RX 570,4,1168,1264,242,150,450,352,2587
899,Radeon RX 570,8,1168,1328,243,150,450,352,2588
900,Radeon RX 570,4,1168,1286,243,150,450,352,2589
901,Radeon RX 570,4,1168,1284,243,150,450,352,2590
902,Radeon RX 570,8,1328,1284,243,150,450,352,2591
903,Radeon RX 570,8,1168,1286,243,150,450,352,2592
904,Radeon RX 570,4,1264,1284,243,150,450,352,2593
905,Radeon RX 5700,8,1515,1750,281,180,450,652,2594
906,Radeon RX 5700,8,1610,1750,286.91,180,450,652,2595
907,Radeon RX 5700,8,1465,1765,280.85,180,450,652,2596
908,Radeon RX 5700,8,1515,1750,271,180,450,652,2597
909,Radeon RX 5700,8,1465,1725,270,180,450,652,2598
910,Radeon RX 5700,8,1610,1750,305,180,450,652,2599
911,Radeon RX 5700,8,1565,1750,269,180,450,652,2600
912,Radeon RX 5700,8,1565,1750,279.85,180,450,652,2601
913,Radeon RX 5700,8,1465,1725,270,180,450,652,2602
914,Radeon RX 5700,8,1465,1725,268,180,450,652,2603
915,Radeon RX 5700,8,1490,1650,254,180,450,652,2604
916,Radeon RX 5700,8,1540,1700,254,180,450,652,2605
917,Radeon RX 5700,8,1490,1725,297,180,450,652,2606
918,Radeon RX 5700,8,1610,1750,297,180,450,652,2607
919,Radeon RX 5700,8,1465,1725,232,180,450,652,2608
920,Radeon RX 5700,8,1515,1750,232,180,450,652,2609
921,Radeon RX 5700,8,1465,1725,270,180,450,652,2610
922,Radeon RX 5700,8,1465,1725,270,180,450,652,2611
923,Radeon RX 5700,8,1515,1750,230,180,450,652,2612
924,Radeon RX 5700,8,1465,1725,270,180,450,652,2613
925,Radeon RX 5700,8,1465,1725,175,180,450,652,2614
926,Radeon RX 5700,8,1610,1750,300,180,450,652,2615
927,Radeon RX 5700,8,1565,1750,240,180,450,652,2616
928,Radeon RX 5700,8,1465,1725,268,180,450,652,2617
929,Radeon RX 5700,8,1465,1725,268,180,450,652,2618
930,Radeon RX 5700,8,1540,1750,254,180,450,652,2619
931,Radeon RX 5700,8,1465,1725,268,180,450,652,2620
932,Radeon RX 5700,8,1565,1750,293,180,450,652,2621
933,Radeon RX 5700,8,1465,1725,266.7,180,450,652,2622
934,Radeon RX 5700,8,1465,1725,266.7,180,450,652,2623
935,Radeon RX 5700 XT,8,1650,1905,281,225,550,747,2624
936,Radeon RX 5700 XT,8,1580,1905,291,225,550,747,2625
937,Radeon RX 5700 XT,8,1690,1945,286.91,225,550,747,2626
938,Radeon RX 5700 XT,8,1605,1905,284.8,225,550,747,2627
939,Radeon RX 5700 XT,8,1605,1905,284.8,225,550,747,2628
940,Radeon RX 5700 XT,8,1810,2025,324.35,225,550,747,2629
941,Radeon RX 5700 XT,8,1605,1905,270,225,550,747,2630
942,Radeon RX 5700 XT,8,1770,2035,305,225,550,747,2631
943,Radeon RX 5700 XT,8,1605,1980,282.6,225,550,747,2632
944,Radeon RX 5700 XT,8,1650,1980,269,225,550,747,2633
945,Radeon RX 5700 XT,8,1770,2010,290,225,550,747,2634
946,Radeon RX 5700 XT,8,1650,1905,279.85,225,550,747,2635
947,Radeon RX 5700 XT,8,1605,1905,270,225,550,747,2636
948,Radeon RX 5700 XT,8,1650,1795,279.85,225,550,747,2637
949,Radeon RX 5700 XT,8,1605,1905,272,225,550,747,2638
950,Radeon RX 5700 XT,8,1630,1905,254,225,550,747,2639
951,Radeon RX 5700 XT,8,1690,1945,254,225,550,747,2640
952,Radeon RX 5700 XT,8,1630,1905,297,225,550,747,2641
953,Radeon RX 5700 XT,8,1730,1980,297,225,550,747,2642
954,Radeon RX 5700 XT,8,1605,1905,232,225,550,747,2643
955,Radeon RX 5700 XT,8,1670,1925,232,225,550,747,2644
956,Radeon RX 5700 XT,8,1605,1905,270,225,550,747,2645
957,Radeon RX 5700 XT,8,1605,1905,270,225,550,747,2646
958,Radeon RX 5700 XT,8,1605,1905,230,225,550,747,2647
959,Radeon RX 5700 XT,8,1605,1905,270,225,550,747,2648
960,Radeon RX 5700 XT,8,1605,1905,300,225,550,747,2649
961,Radeon RX 5700 XT,8,1650,1905,240,225,550,747,2650
962,Radeon RX 5700 XT,8,1605,1905,272,225,550,747,2651
963,Radeon RX 5700 XT,8,1770,2010,306,225,550,747,2652
964,Radeon RX 5700 XT,8,1840,2035,306,225,550,747,2653
965,Radeon RX 5700 XT,8,1670,1925,254,225,550,747,2654
966,Radeon RX 5700 XT,8,1680,1980,266.7,225,550,747,2655
967,Radeon RX 5700 XT,8,1605,1755,272,225,550,747,2656
968,Radeon RX 5700 XT,8,1605,1905,293,225,550,747,2657
969,Radeon RX 5700 XT,8,1605,1905,278,225,550,747,2658
970,Radeon RX 5700 XT,8,1605,1905,266.7,225,550,747,2659
971,Radeon RX 5700 XT,8,1605,1905,266.7,225,550,747,2660
972,Radeon RX 5700 XT,8,1605,1905,293,225,550,747,2661
973,Radeon RX 5700 XT,8,1730,1980,293,225,550,747,2662
974,Radeon RX 5700 XT,8,1810,2025,315,225,550,747,2663
975,Radeon RX 5700 XT,8,1810,2025,315,225,550,747,2664
976,Radeon RX 5700 XT,8,1605,1905,326,225,550,747,2665
977,Radeon RX 580,8,1257,1370,236.2,185,450,405,2666
978,Radeon RX 580,8,1257,1380,278.81,185,450,405,2667
979,Radeon RX 580,8,1257,1380,242,185,450,405,2668
980,Radeon RX 580,8,1257,1380,298,185,450,405,2669
981,Radeon RX 580,8,1257,1380,242,185,450,405,2670
982,Radeon RX 580,8,1257,1380,298,185,450,405,2671
983,Radeon RX 580,8,1257,1431,298,185,450,405,2672
984,Radeon RX 580,8,1257,1360,298,185,450,405,2673
985,Radeon RX 580,8,1340,1340,266.7,185,450,405,2674
986,Radeon RX 580,8,1257,1380,232,185,450,405,2675
987,Radeon RX 580,8,1257,1439,276,185,450,405,2676
988,Radeon RX 580,8,1257,1355,232,185,450,405,2677
989,Radeon RX 580,8,1257,1355,232,185,450,405,2678
990,Radeon RX 580,8,1340,1355,232,185,450,405,2679
991,Radeon RX 580,8,1257,1340,269,185,450,405,2680
992,Radeon RX 580,8,1340,1380,270,185,450,405,2681
993,Radeon RX 580,8,1257,1366,269,185,450,405,2682
994,Radeon RX 580,8,1257,1366,270,185,450,405,2683
995,Radeon RX 580,4,1257,1366,276,185,450,405,2684
996,Radeon RX 580,8,1257,1393,276,185,450,405,2685
997,Radeon RX 580,8,1257,1441,279,185,450,405,2686
998,Radeon RX 580,8,1257,1360,237,185,450,405,2687
999,Radeon RX 580,8,1257,1340,243,185,450,405,2688
1000,Radeon RX 580,8,1257,1340,198,185,450,405,2689
1001,Radeon RX 580,8,1257,1350,255,185,450,405,2690
1002,Radeon RX 580,8,1257,1380,255,185,450,405,2691
1003,Radeon RX 580,8,1257,1425,255,185,450,405,2692
1004,Radeon RX 580,8,1257,1350,255,185,450,405,2693
1005,Radeon RX 580,4,1257,1411,260,185,450,405,2694
1006,Radeon RX 580,8,1257,1366,230,185,450,405,2695
1007,Radeon RX 580,8,1405,1425,279.4,185,450,405,2696
1008,Radeon RX 580,8,1257,1386,266,185,450,405,2697
1009,Radeon RX 580,8,1366,1386,270,185,450,405,2698
1010,Radeon RX 580,8,1364,1450,280,185,450,405,2699
1011,Radeon RX 580,8,1405,1425,270,185,450,405,2700
1012,Radeon RX 580,4,1257,1386,270,185,450,405,2701
1013,Radeon RX 580,4,1366,1386,270,185,450,405,2702
1014,Radeon RX 6700 XT,12,2321,2581,269,230,550,978,2703
1015,Radeon RX 6700 XT,12,2375,2620,303,230,550,978,2704
1016,Radeon RX 6700 XT,12,2457,2622,305,230,550,978,2705
1017,Radeon RX 6700 XT,12,2321,2581,267,230,550,978,2706
1018,Radeon RX 6700 XT,12,2321,2581,295,230,550,978,2707
1019,Radeon RX 6700 XT,12,2321,2581,322,230,550,978,2708
1020,Radeon RX 6700 XT,12,2321,2581,322,230,550,978,2709
1021,Radeon RX 6700 XT,12,2321,2581,296,230,550,978,2710
1022,Radeon RX 6700 XT,12,2321,2581,282,230,550,978,2711
1023,Radeon RX 6700 XT,12,2321,2581,281,230,550,978,2712
1024,Radeon RX 6700 XT,12,2321,2581,267,230,550,978,2713
1025,Radeon RX 6700 XT,12,2321,2581,279,230,550,978,2714
1026,Radeon RX 6700 XT,12,2321,2581,279,230,550,978,2715
1027,Radeon RX 6700 XT,12,2321,2581,247,230,550,978,2716
1028,Radeon RX 6700 XT,12,2321,2581,247,230,550,978,2717
1029,Radeon RX 6700 XT,12,2321,2581,266.7,230,550,978,2718
1030,Radeon RX 6700 XT,12,2321,2622,310.05,230,550,978,2719
1031,Radeon RX 6700 XT,12,2321,2581,260,230,550,978,2720
1032,Radeon RX 6700 XT,12,2330,2615,266.7,230,550,978,2721
1033,Radeon RX 6700 XT,12,2321,2622,323,230,550,978,2722
1034,Radeon RX 6800,16,1700,2105,303,250,600,1124,2723
1035,Radeon RX 6800,16,1700,2105,305,250,600,1124,2724
1036,Radeon RX 6800,16,1700,2105,267,250,600,1124,2725
1037,Radeon RX 6800,16,1700,2105,266.7,250,600,1124,2726
1038,Radeon RX 6800,16,1700,2190,320,250,600,1124,2727
1039,Radeon RX 6800,16,1700,2190,310,250,600,1124,2728
1040,Radeon RX 6800,16,1815,2155,286,250,600,1124,2729
1041,Radeon RX 6800,16,1700,2105,267,250,600,1124,2730
1042,Radeon RX 6800,16,1700,2105,267,250,600,1124,2731
1043,Radeon RX 6800,16,1700,2105,266.75,250,600,1124,2732
1044,Radeon RX 6800,16,1700,2155,300,250,600,1124,2733
1045,Radeon RX 6800,16,1700,2190,320,250,600,1124,2734
1046,Radeon RX 6800,16,1700,2190,320,250,600,1124,2735
1047,Radeon RX 6800,16,1700,2170,310,250,600,1124,2736
1048,Radeon RX 6800,16,1700,2105,266.7,250,600,1124,2737
1049,Radeon RX 6800,16,1700,2105,310.5,250,600,1124,2738
1050,Radeon RX 6800,16,1700,2105,303,250,600,1124,2739
1051,Radeon RX 6800,16,1700,2105,266.7,250,600,1124,2740
1052,Radeon RX 6800 XT,16,1825,2250,267,300,700,1295,2741
1053,Radeon RX 6800 XT,16,1825,2250,330,300,700,1295,2742
1054,Radeon RX 6800 XT,16,1825,2250,267,300,700,1295,2743
1055,Radeon RX 6800 XT,16,1825,2250,330,300,700,1295,2744
1056,Radeon RX 6800 XT,16,1825,2250,266.7,300,700,1295,2745
1057,Radeon RX 6800 XT,16,1825,2360,277,300,700,1295,2746
1058,Radeon RX 6800 XT,16,1825,2340,310,300,700,1295,2747
1059,Radeon RX 6800 XT,16,1825,2285,286,300,700,1295,2748
1060,Radeon RX 6800 XT,16,1825,2250,267,300,700,1295,2749
1061,Radeon RX 6800 XT,16,1850,2285,324,300,700,1295,2750
1062,Radeon RX 6800 XT,16,1825,2250,266.75,300,700,1295,2751
1063,Radeon RX 6800 XT,16,1825,2340,320,300,700,1295,2752
1064,Radeon RX 6800 XT,16,1825,2340,320,300,700,1295,2753
1065,Radeon RX 6800 XT,16,1825,2310,310,300,700,1295,2754
1066,Radeon RX 6800 XT,16,1825,2250,266.7,300,700,1295,2755
1067,Radeon RX 6800 XT,16,1825,2251,310,300,700,1295,2756
1068,Radeon RX 6800 XT,16,1825,2252,310,300,700,1295,2757
1069,Radeon RX 6800 XT,16,1825,2253,313,300,700,1295,2758
1070,Radeon RX 6800 XT,16,1925,2360,340,300,700,1295,2759
1071,Radeon RX 6800 XT,16,1825,2250,340,300,700,1295,2760
1072,Radeon RX 6900 XT,16,1925,2340,330,300,700,1372,2761
1073,Radeon RX 6900 XT,16,1825,2250,267,300,700,1372,2762
1074,Radeon RX 6900 XT,16,1825,2251,266.7,300,700,1372,2763
1075,Radeon RX 6900 XT,16,1950,2365,277,300,700,1372,2764
1076,Radeon RX 6900 XT,16,1825,2340,320,300,700,1372,2765
1077,Radeon RX 6900 XT,16,1825,2250,267,300,700,1372,2766
1078,Radeon RX 6900 XT,16,1825,2251,267,300,700,1372,2767
1079,Radeon RX 6900 XT,16,1825,2252,267,300,700,1372,2768
1080,Radeon RX 6900 XT,16,1825,2340,320,300,700,1372,2769
1081,Radeon RX 6900 XT,16,1825,2341,300,300,700,1372,2770
1082,Radeon RX 6900 XT,16,1825,2285,310,300,700,1372,2771
1083,Radeon RX 6900 XT,16,1925,2340,340,300,700,1372,2772